eventID,eventDate (TimeStamp for your video?),eventTime  (TimeStamp for your video?),eventTimeEnd,occurrenceID,scientificName,SppPrecentCover,PercentCover,basisOfRecord,recordedBy,occurrenceStatus,occurrenceRemarks,identifiedBy,identificationRemarks,,
The sampling event: SonarTest2024,YYY-MM-DD of the video/footage; example 2009-02-20T08:40Z (20 February 2009 8:40am UTC),example: 08:40:21Z (8:40:21am UTC),,The specific video or footage been annotated: Video_LassingPark_001,"Seagrass: Thalassia, Halodule, Syringodium, etc.",,,How the organism was recorded or collected: MachineObservation; FieldObservation; etc,"Name of the peron (s) involved in the data collection: Bea;  Roxann, Sherryl… ",Was the seagrass Present/absent? (0/1),"Any comments about the image footage or sampling remarks, e. g.: dense or sparse seagrass",Who identifyed the seagrass in the video: Lilly or Jeromy,Comments such as: I'm not sure about the identification; Image is very bright; it is impossible to idenity to species level.,,
MBSTest2024,6/25/2024,00:18:11:73,00:18:37:00,Video_Lassing_001,Thalassia,70,100,Blackfly,,1,"Little to no glare, some brown algae on Thalassia",Bea,,,
MBSTest2024,6/25/2024,00:18:11:74,00:18:37:00,Video_Lassing_001,Syringodium,30,100,Blackfly,,1,,Bea,,,
MBSTest2024,6/25/2024,00:21:41:87,00:21:54:34,Video_Lassing_001,Thalassia,30,70,Blackfly,,1,"Glare at top of frame, mixed meadow, potentially underestimating S",Bea,,,
MBSTest2024,6/25/2024,00:21:41:87,00:21:54:34,Video_Lassing_001,Syringodium,40,70,Blackfly,,1,,Bea,,,
MBSTest2024,6/25/2024,00:21:59:04,,Video_Lassing_001,Syringodium,40,40,Blackfly,,1,"Patchy meadow, some glare at top and left side of frame",Bea,,,
MBSTest2024,6/25/2024,00:00:00:00,00:00:59:00,Video_Lassing_001,Thalassia,20,60,Blackfly,,1,,Jeromy,,,
MBSTest2024,6/25/2024,00:00:00:00,00:00:59:00,Video_Lassing_001,Syringodium,40,60,Blackfly,,1,,Jeromy,,,
MBSTest2024,6/25/2024,00:00:59:33,00:01:31:67,Video_Lassing_001,Thalassia,20,90,Blackfly,,1,"S dominant, potentially underestimated",Jeromy,,,
MBSTest2024,6/25/2024,00:00:59:33,00:01:31:67,Video_Lassing_001,Syringodium,70,90,Blackfly,,1,,Jeromy,,,
MBSTest2024,6/25/2024,00:01:32:00,00:01:59:67,Video_Lassing_001,Syringodium,80,90,Blackfly,,1,brown algae visible,Jeromy,,,
MBSTest2024,6/25/2024,00:01:32:00,00:01:59:67,Video_Lassing_001,Thalassia,10,90,Blackfly,,1,,Jeromy,,,
MBSTest2024,6/25/2024,00:02:00:00,00:02:11:33,Video_Lassing_001,Thalassia,20,50,Blackfly,,1,lot of glare on right,Jeromy,uncertain mix of T and S,,
MBSTest2024,6/25/2024,00:02:00:00,00:02:11:33,Video_Lassing_001,Syringodium,30,50,Blackfly,,1,,Jeromy,,,
MBSTest2024,6/25/2024,00:02:11:66,00:02:39:00,Video_Lassing_001,Syringodium,10,10,Blackfly,,1,"glare on most of screen, little present at corners",Jeromy,,,
MBSTest2024,6/25/2024,00:02:39:33,00:03:02:67,Video_Lassing_001,Syringodium,90,90,Blackfly,,1,very dense S,Jeromy,,,
MBSTest2024,6/25/2024,00:03:03:00,00:03:13:00,Video_Lassing_001,Thalassia,10,60,Blackfly,,1,,Jeromy,,,
MBSTest2024,6/25/2024,00:03:03:00,00:03:13:00,Video_Lassing_001,Syringodium,60,70,Blackfly,,1,,Jeromy,,,
MBSTest2024,6/25/2024,00:03:13:33,00:03:23:33,Video_Lassing_001,Thalassia,10,60,Blackfly,,1,,Jeromy,,,
MBSTest2024,6/25/2024,00:03:13:33,00:03:23:33,Video_Lassing_001,Syringodium,50,60,Blackfly,,1,,Jeromy,,,
MBSTest2024,6/25/2024,00:03:23:66,00:03:44:66,Video_Lassing_001,Syringodium,30,30,Blackfly,,1,heavy glare,Jeromy,,,
MBSTest2024,6/25/2024,00:03:45:00,00:03:57:00,Video_Lassing_001,Syringodium,50,50,Blackfly,,1,,Jeromy,,,
MBSTest2024,6/25/2024,00:03:57:33,00:04:07:66,Video_Lassing_001,Syringodium,30,90,Blackfly,,1,glare on left,Jeromy,,,
MBSTest2024,6/25/2024,00:04:08:00,00:05:49:00,Video_Lassing_001,Thalassia,30,90,Blackfly,,1,glare on left,Jeromy,,,
MBSTest2024,6/25/2024,00:04:08:00,00:05:49:00,Video_Lassing_001,Syringodium,60,90,Blackfly,,1,,Jeromy,,,
MBSTest2024,6/25/2024,00:05:49:33,00:06:52:67,Video_Lassing_001,Thalassia,10,90,Blackfly,,1,glare on left,Jeromy,,,
MBSTest2024,6/25/2024,00:05:49:33,00:06:52:67,Video_Lassing_001,Syringodium,80,90,Blackfly,,1,,Jeromy,,,
MBSTest2024,6/25/2024,00:06:53:00,00:07:27:00,Video_Lassing_001,Syringodium,60,60,Blackfly,,1,"heavy glare, not from sediment? from vehicle itself?",Jeromy,,,
MBSTest2024,6/25/2024,00:07:27:33,00:10:18:33,Video_Lassing_001,N/A,0,0,Blackfly,,0,"all bright light, no seagrass visible",Jeromy,,,
MBSTest2024,6/25/2024,00:10:18:66,00:10:53:33,Video_Lassing_001,Thalassia,10,20,Blackfly,,1,screen mostly bright except on left,Jeromy,,,
MBSTest2024,6/25/2024,00:10:18:66,00:10:53:33,Video_Lassing_001,Syringodium,10,20,Blackfly,,1,,Jeromy,,,
MBSTest2024,6/25/2024,00:10:53:66,00:10:58:00,Video_Lassing_001,Thalassia,20,80,Blackfly,,1,video slightly blurry,Jeromy,,,
MBSTest2024,6/25/2024,00:10:53:66,00:10:58:00,Video_Lassing_001,Syringodium,60,80,Blackfly,,1,,Jeromy,,,
MBSTest2024,6/25/2024,00:10:58:33,00:11:03:66,Video_Lassing_001,Thalassia,70,100,Blackfly,,1,"video very blurry, potentially very high T",Jeromy,,,
MBSTest2024,6/25/2024,00:10:58:33,00:11:03:66,Video_Lassing_001,Syringodium,30,100,Blackfly,,1,,Jeromy,,,
MBSTest2024,6/25/2024,00:11:04:00,00:11:09:00,Video_Lassing_001,Thalassia,60,80,Blackfly,,1,,Jeromy,,,
MBSTest2024,6/25/2024,00:11:04:00,00:11:09:00,Video_Lassing_001,Syringodium,20,80,Blackfly,,1,,Jeromy,,,
MBSTest2024,6/25/2024,00:11:09:33,00:11:20:66,Video_Lassing_001,Syringodium,10,10,Blackfly,,1,,Jeromy,,,
MBSTest2024,6/25/2024,00:00:00:00,00:01:00:00,Video_Lassing_001,Thalassia,20,60,Blackfly,,1,,Lillian,,,
MBSTest2024,6/25/2024,00:00:00:00,00:01:00:00,Video_Lassing_001,Syringodium,40,60,Blackfly,,1,,Lillian,,,
MBSTest2024,6/25/2024,00:01:00:00,00:01:40:00,Video_Lassing_001,Thalassia,30,90,Blackfly,,1,,Lillian,,,
MBSTest2024,6/25/2024,00:01:00:00,00:01:40:00,Video_Lassing_001,Syringodium,60,90,Blackfly,,1,,Lillian,,,
MBSTest2024,6/25/2024,00:01:40:00,00:02:02:00,Video_Lassing_001,Syringodium,90,90,Blackfly,,1,,Lillian,"did not identify any T, unsure if there is a low percent",,
MBSTest2024,6/25/2024,00:02:02:00,00:02:14:00,Video_Lassing_001,Thalassia,10,30,Blackfly,,1,"very bright, brightness possibly not from sediment blocking vision of seagrass",Lillian,,,
MBSTest2024,6/25/2024,00:02:02:00,00:02:14:00,Video_Lassing_001,Syringodium,20,30,Blackfly,,1,,Lillian,,,
MBSTest2024,6/25/2024,00:02:14:00,00:02:20:00,Video_Lassing_001,,,,Blackfly,,0,entire image white,Lillian,,,
MBSTest2024,6/25/2024,00:02:20:00,00:02:43:00,Video_Lassing_001,Syringodium,60,60,Blackfly,,1,,Lillian,,,
MBSTest2024,6/25/2024,00:02:43:00,00:02:52:00,Video_Lassing_001,Syringodium,100,100,Blackfly,,1,Small circle spots of brightness possibly coming from camera not sediment since they continue in the video,Lillian,,,
MBSTest2024,6/25/2024,00:02:52:00,00:03:09:00,Video_Lassing_001,Syringodium,60,60,Blackfly,,1,,Lillian,,,
MBSTest2024,6/25/2024,00:03:09:00,00:03:25:00,Video_Lassing_001,Syringodium,40,40,Blackfly,,1,,Lillian,,,
MBSTest2024,6/25/2024,00:03:25:00,00:03:40:00,Video_Lassing_001,Syringodium,20,20,Blackfly,,1,,Lillian,,,
MBSTest2024,6/25/2024,00:03:40:00,00:04:00:00,Video_Lassing_001,Syringodium,100,100,Blackfly,,1,,Lillian,,,
MBSTest2024,6/25/2024,00:04:00:00,00:04:15:00,Video_Lassing_001,Syringodium,40,100,Blackfly,,1,,Lillian,,,
MBSTest2024,6/25/2024,00:04:00:00,00:04:15:00,Video_Lassing_001,Thalassia,60,100,Blackfly,,1,,Lillian,,,
MBSTest2024,6/25/2024,00:04:15:00,00:05:29:00,Video_Lassing_001,Syringodium,30,80,Blackfly,,1,,Lillian,,,
MBSTest2024,6/25/2024,00:04:15:00,00:05:29:00,Video_Lassing_001,Thalassia,50,80,Blackfly,,1,,Lillian,,,
MBSTest2024,6/25/2024,00:05:29:00,00:05:42:00,Video_Lassing_001,Syringodium,80,90,Blackfly,,1,,Lillian,,,
MBSTest2024,6/25/2024,00:05:29:00,00:05:42:00,Video_Lassing_001,Thalassia,10,90,Blackfly,,1,,Lillian,,,
MBSTest2024,6/25/2024,00:05:42:00,00:05:54:00,Video_Lassing_001,Syringodium,90,90,Blackfly,,1,,Lillian,,,
MBSTest2024,6/25/2024,00:05:54:00,00:07:00:00,Video_Lassing_001,Syringodium,50,50,Blackfly,,1,"bright in left corner that continues in video, may not be from sediment",Lillian,,,
MBSTest2024,6/25/2024,00:07:00:00,00:07:33:00,Video_Lassing_001,,0,0,Blackfly,,0,entire image white,Lillian,,,
MBSTest2024,6/25/2024,00:07:33:00,00:10:26:00,Video_Lassing_001,Syringodium,20,20,Blackfly,,1,,Lillian,,,
MBSTest2024,6/25/2024,00:10:26:00,00:11:00:00,Video_Lassing_001,Thalassia,80,100,Blackfly,,1,camera more blurry now after long period of all bright,Lillian,,,
MBSTest2024,6/25/2024,00:10:26:00,00:11:00:00,Video_Lassing_001,Syringodium,20,100,Blackfly,,1,,Lillian,,,
MBSTest2024,6/25/2024,00:11:00:00,00:11:09:00,Video_Lassing_001,Syringodium,50,50,Blackfly,,1,,Lillian,,,
MBSTest2024,6/25/2024,00:11:09:00,00:11:13:00,Video_Lassing_001,,,0,Blackfly,,0,image all white,Lillian,,,
MBSTest2024,6/25/2024,00:11:13:00,00:11:23:00,Video_Lassing_001,Thalassia,60,80,Blackfly,,1,,Lillian,,,
MBSTest2024,6/25/2024,00:11:13:00,00:11:23:00,Video_Lassing_001,Syringodium,20,80,Blackfly,,1,,Lillian,,,
MBSTest2024,6/25/2024,00:11:23:00,00:11:36:00,Video_Lassing_001,N/A,,0,Blackfly,,0,image all white,Lillian,,,
MBSTest2024,6/25/2024,00:11:36:00,00:11:47:00,Video_Lassing_001,Syringodium,100,100,Blackfly,,1,,Lillian,,,
MBSTest2024,6/25/2024,00:11:47:00,00:12:08:00,Video_Lassing_001,Syringodium,40,40,Blackfly,,1,,Lillian,,,
MBSTest2024,6/25/2024,00:12:08:00,00:12:16:00,Video_Lassing_001,Syringodium,80,80,Blackfly,,1,,Lillian,,,
MBSTest2024,6/25/2024,00:12:16:00,00:12:35:00,Video_Lassing_001,Syringodium,50,60,Blackfly,,1,,Lillian,,,
MBSTest2024,6/25/2024,00:12:16:00,00:12:35:00,Video_Lassing_001,Thalassia,10,60,Blackfly,,1,,Lillian,,,
MBSTest2024,6/25/2024,00:12:35:00,00:12:42:00,Video_Lassing_001,Syringodium,40,40,Blackfly,,1,,Lillian,"There is a large patch of brown/red, possibly brown algae or other species, takes up a large portion of the image",,
MBSTest2024,6/25/2024,00:12:42:00,00:12:49:00,Video_Lassing_001,Syringodium,50,90,Blackfly,,1,,Lillian,,,
MBSTest2024,6/25/2024,00:12:42:00,00:12:49:00,Video_Lassing_001,Thalassia,40,90,Blackfly,,1,,Lillian,,,
MBSTest2024,6/25/2024,00:12:49:00,00:12:54:00,Video_Lassing_001,Syringodium,30,80,Blackfly,,1,,Lillian,,,
MBSTest2024,6/25/2024,00:12:49:00,00:12:54:00,Video_Lassing_001,Thalassia,50,80,Blackfly,,1,,Lillian,,,
MBSTest2024,6/25/2024,00:12:54:00,00:13:08:00,Video_Lassing_001,Syringodium,30,30,Blackfly,,1,"image blurry, difficult to idenify species",Lillian,,,
MBSTest2024,6/25/2024,00:13:08:00,00:13:11:00,Video_Lassing_001,Thalassia,100,100,Blackfly,,1,not sure if S present,Lillian,,,
MBSTest2024,6/25/2024,00:13:11:00,00:13:23:00,Video_Lassing_001,Thalassia,40,80,Blackfly,,1,,Lillian,,,
MBSTest2024,6/25/2024,00:13:11:00,00:13:23:00,Video_Lassing_001,Syringodium,40,80,Blackfly,,1,,Lillian,,,
MBSTest2024,6/25/2024,00:13:23:00,00:13:36:00,Video_Lassing_001,Thalassia,70,100,Blackfly,,1,,Lillian,,,
MBSTest2024,6/25/2024,00:13:23:00,00:13:36:00,Video_Lassing_001,Syringodium,30,100,Blackfly,,1,,Lillian,,,
MBSTest2024,6/25/2024,00:13:36:00,00:14:12:00,Video_Lassing_001,Thalassia,50,70,Blackfly,,1,,Lillian,,,
MBSTest2024,6/25/2024,00:13:36:00,00:14:12:00,Video_Lassing_001,Syringodium,20,70,Blackfly,,1,,Lillian,,,
MBSTest2024,6/25/2024,00:14:12:00,00:15:12:00,Video_Lassing_001,Thalassia,40,80,Blackfly,,1,,Lillian,,,
MBSTest2024,6/25/2024,00:14:12:00,00:15:12:00,Video_Lassing_001,Syringodium,40,80,Blackfly,,1,,Lillian,,,
MBSTest2024,6/25/2024,00:15:12:00,00:15:57:00,Video_Lassing_001,Thalassia,50,90,Blackfly,,1,,Lillian,,,
MBSTest2024,6/25/2024,00:15:12:00,00:15:57:00,Video_Lassing_001,Syringodium,40,90,Blackfly,,1,,Lillian,,,
MBSTest2024,6/25/2024,00:15:57:00,00:16:32:00,Video_Lassing_001,Thalassia,70,90,Blackfly,,1,,Lillian,,,
MBSTest2024,6/25/2024,00:15:57:00,00:16:32:00,Video_Lassing_001,Syringodium,20,90,Blackfly,,1,,Lillian,,,
MBSTest2024,6/25/2024,00:16:32:00,00:17:14:00,Video_Lassing_001,Thalassia,70,70,Blackfly,,1,not sure if S present,Lillian,,,
MBSTest2024,6/25/2024,00:17:14:00,00:17:54:00,Video_Lassing_001,Thalassia,50,70,Blackfly,,1,,Lillian,,,
MBSTest2024,6/25/2024,,,Video_Lassing_001,,,,Blackfly,,,,,,,
MBSTest2024,6/25/2024,00:11:21:00,00:11:35:67,Video_Lassing_001,Thalassia,40,70,Blackfly,,1,,Jeromy,,,
MBSTest2024,6/25/2024,00:11:21:00,00:11:35:67,Video_Lassing_001,Syringodium,30,70,Blackfly,,1,,Jeromy,,,
MBSTest2024,6/25/2024,00:11:36:00,00:11:45:00,Video_Lassing_001,Thalassia,0,0,Blackfly,,0,all white light,Jeromy,,,
MBSTest2024,6/25/2024,00:11:45:33,00:11:54:33,Video_Lassing_001,Thalassia,10,90,Blackfly,,1,some browning of T,Jeromy,,,
MBSTest2024,6/25/2024,00:11:45:33,00:11:54:33,Video_Lassing_001,Syringodium,80,90,Blackfly,,1,,Jeromy,,,
MBSTest2024,6/25/2024,00:11:54:66,00:11:58:67,Video_Lassing_001,Syringodium,50,50,Blackfly,,1,,Jeromy,,,
MBSTest2024,6/25/2024,00:11:59:00,00:12:22:33,Video_Lassing_001,Syringodium,70,70,Blackfly,,1,,Jeromy,,,
MBSTest2024,6/25/2024,00:12:22:66,00:12:40:00,Video_Lassing_001,Thalassia,10,80,Blackfly,,1,,Jeromy,,,
MBSTest2024,6/25/2024,00:12:22:66,00:12:40:00,Video_Lassing_001,Syringodium,70,80,Blackfly,,1,S noticeably thinner/shorter than last block,Jeromy,,,
MBSTest2024,6/25/2024,00:12:41:33,00:12:51:67,Video_Lassing_001,Thalassia,10,90,Blackfly,,1,,Jeromy,,,
MBSTest2024,6/25/2024,00:12:41:33,00:12:51:67,Video_Lassing_001,Syringodium,80,90,Blackfly,,1,,Jeromy,,,
MBSTest2024,6/25/2024,00:12:52:00,00:13:05:67,Video_Lassing_001,Thalassia,60,90,Blackfly,,1,video grows blurry,Jeromy,,,
MBSTest2024,6/25/2024,00:12:52:00,00:13:05:67,Video_Lassing_001,Syringodium,30,90,Blackfly,,1,,Jeromy,,,
MBSTest2024,6/25/2024,00:13:06:00,00:13:11:00,Video_Lassing_001,Syringodium,50,50,Blackfly,,1,,Jeromy,"unclear, could be any species other than T",,
MBSTest2024,6/25/2024,00:13:11:33,00:14:36:00,Video_Lassing_001,Thalassia,90,90,Blackfly,,1,,Jeromy,,,
MBSTest2024,6/25/2024,00:14:36:33,00:16:22:33,Video_Lassing_001,Thalassia,70,90,Blackfly,,1,,Jeromy,,,
MBSTest2024,6/25/2024,00:14:36:33,00:16:22:33,Video_Lassing_001,Syringodium,20,90,Blackfly,,1,,Jeromy,,,
MBSTest2024,6/25/2024,00:16:22:66,00:17:43:00,Video_Lassing_001,Thalassia,80,80,Blackfly,,1,,Jeromy,,,
MBSTest2024,6/25/2024,00:17:43:33,00:18:13:00,Video_Lassing_001,Thalassia,60,90,Blackfly,,1,,Jeromy,,,
MBSTest2024,6/25/2024,00:17:43:33,00:18:13:00,Video_Lassing_001,Syringodium,30,90,Blackfly,,1,,Jeromy,,,
MBSTest2024,6/25/2024,00:18:13:33,00:18:35:00,Video_Lassing_001,Thalassia,60,100,Blackfly,,1,,Jeromy,,,
MBSTest2024,6/25/2024,00:18:13:33,00:18:35:00,Video_Lassing_001,Syringodium,40,100,Blackfly,,1,,Jeromy,,,
MBSTest2024,6/25/2024,00:18:35:33,00:19:15:00,Video_Lassing_001,Syringodium,80,90,Blackfly,,1,"very dense S, could be 100% but lot of glare",Jeromy,,,
MBSTest2024,6/25/2024,00:18:35:33,00:19:15:00,Video_Lassing_001,Thalassia,10,90,Blackfly,,1,,Jeromy,,,
MBSTest2024,6/25/2024,00:19:15:33,00:19:25:33,Video_Lassing_001,Syringodium,80,80,Blackfly,,1,"shorter, patchier S than last block",Jeromy,,,
MBSTest2024,6/25/2024,00:19:25:66,00:20:00:00,Video_Lassing_001,Thalassia,40,100,Blackfly,,1,,Jeromy,,,
MBSTest2024,6/25/2024,00:19:25:66,00:20:00:00,Video_Lassing_001,Syringodium,60,100,Blackfly,,1,,Jeromy,,,
MBSTest2024,6/25/2024,00:20:00:33,00:20:11:33,Video_Lassing_001,Thalassia,60,90,Blackfly,,1,,Jeromy,,,
MBSTest2024,6/25/2024,00:20:00:33,00:20:11:33,Video_Lassing_001,Syringodium,30,90,Blackfly,,1,,Jeromy,,,
MBSTest2024,6/25/2024,00:20:11:33,00:20:26:33,Video_Lassing_001,Thalassia,80,90,Blackfly,,1,,Jeromy,,,
MBSTest2024,6/25/2024,00:20:26:66,00:20:37:33,Video_Lassing_001,Thalassia,50,60,Blackfly,,1,,Jeromy,,,
MBSTest2024,6/25/2024,00:20:26:66,00:20:37:33,Video_Lassing_001,Syringodium,10,60,Blackfly,,1,,Jeromy,,,
MBSTest2024,6/25/2024,00:20:37:66,00:20:44:33,Video_Lassing_001,Thalassia,20,50,Blackfly,,1,,Jeromy,,,
MBSTest2024,6/25/2024,00:20:37:66,00:20:44:33,Video_Lassing_001,Syringodium,30,50,Blackfly,,1,,Jeromy,,,
MBSTest2024,6/25/2024,00:20:44:66,00:21:21:67,Video_Lassing_001,Syringodium,30,30,Blackfly,,1,mostly glare,Jeromy,,,
MBSTest2024,6/25/2024,00:21:22:00,00:21:24:33,Video_Lassing_001,Syringodium,0,0,Blackfly,,0,all white light,Jeromy,,,
MBSTest2024,6/25/2024,00:21:24:66,00:21:27:00,Video_Lassing_001,Syringodium,50,50,Blackfly,,1,heavy glare,Jeromy,,,
MBSTest2024,6/25/2024,00:21:27:33,00:21:31:67,Video_Lassing_001,Syringodium,0,0,Blackfly,,0,all white light,Jeromy,,,
MBSTest2024,6/25/2024,00:21:32:00,00:21:41:67,Video_Lassing_001,Syringodium,80,80,Blackfly,,1,,Jeromy,,,
MBSTest2024,6/25/2024,00:21:42:00,00:21:54:00,Video_Lassing_001,Syringodium,30,70,Blackfly,,1,,Jeromy,,,
MBSTest2024,6/25/2024,00:21:42:00,00:21:54:00,Video_Lassing_001,Thalassia,40,70,Blackfly,,1,,Jeromy,,,
MBSTest2024,6/25/2024,00:21:54:33,00:22:00:00,Video_Lassing_001,Syringodium,60,70,Blackfly,,1,,Jeromy,,,
MBSTest2024,6/25/2024,00:21:54:33,00:22:00:00,Video_Lassing_001,Thalassia,10,70,Blackfly,,1,,Jeromy,,,
MBSTest2024,6/25/2024,00:22:00:33,00:22:21:33,Video_Lassing_001,Syringodium,40,40,Blackfly,,1,,Jeromy,,,
MBSTest2024,6/25/2024,00:22:21:66,00:23:00:67,Video_Lassing_001,Syringodium,10,70,Blackfly,,1,,Jeromy,,,
MBSTest2024,6/25/2024,00:22:21:66,00:23:00:67,Video_Lassing_001,Thalassia,60,70,Blackfly,,1,,Jeromy,,,
MBSTest2024,6/25/2024,00:23:01:00,00:23:06:67,Video_Lassing_001,Syringodium,80,80,Blackfly,,1,,Jeromy,,,
MBSTest2024,6/25/2024,00:23:07:00,00:23:23:33,Video_Lassing_001,Thalassia,70,70,Blackfly,,1,,Jeromy,,,
MBSTest2024,6/25/2024,00:23:23:66,00:23:27:00,Video_Lassing_001,Syringodium,80,80,Blackfly,,1,bright patch on right side,Jeromy,,,
MBSTest2024,6/25/2024,00:23:27:33,00:23:31:67,Video_Lassing_001,Syringodium,40,40,Blackfly,,1,,Jeromy,,,
MBSTest2024,6/25/2024,00:23:32:00,00:23:46:33,Video_Lassing_001,Syringodium,90,90,Blackfly,,1,,Jeromy,,,
MBSTest2024,6/25/2024,00:23:46:66,00:23:51:00,Video_Lassing_001,Syringodium,80,90,Blackfly,,1,,Jeromy,,,
MBSTest2024,6/25/2024,00:23:46:66,00:23:51:00,Video_Lassing_001,Thalassia,10,80,Blackfly,,1,,Jeromy,,,
MBSTest2024,6/25/2024,00:23:51:00,00:23:53:33,Video_Lassing_001,Syringodium,80,80,Blackfly,,1,begins moving very fast,Jeromy,,,
MBSTest2024,6/25/2024,00:23:53:67,00:23:54:67,Video_Lassing_001,Syringodium,10,10,Blackfly,,1,,Jeromy,,,
MBSTest2024,6/25/2024,00:23:55:00,00:23:56:00,Video_Lassing_001,Syringodium,80,80,Blackfly,,1,,Jeromy,,,
MBSTest2024,6/25/2024,00:23:56:33,00:23:59:33,Video_Lassing_001,Thalassia,80,80,Blackfly,,1,,Jeromy,,,
MBSTest2024,6/25/2024,00:23:59:66,00:24:06:33,Video_Lassing_001,Syringodium,70,70,Blackfly,,1,,Jeromy,,,
MBSTest2024,6/25/2024,00:24:06:66,00:24:13:00,Video_Lassing_001,Thalassia,80,80,Blackfly,,1,,Jeromy,,,
MBSTest2024,6/25/2024,00:24:13:33,00:24:15:67,Video_Lassing_001,Thalassia,0,0,Blackfly,,0,briefly goes all white then turns back to previous patch,Jeromy,,,
MBSTest2024,6/25/2024,00:24:16:00,00:24:40:67,Video_Lassing_001,Syringodium,40,80,Blackfly,,1,,Jeromy,,,
MBSTest2024,6/25/2024,00:24:16:00,00:24:41:67,Video_Lassing_001,Thalassia,40,80,Blackfly,,1,,Jeromy,,,
MBSTest2024,6/25/2024,00:24:42:00,00:24:47:00,Video_Lassing_001,Thalassia,80,80,Blackfly,,1,,Jeromy,,,
MBSTest2024,6/25/2024,00:24:47:33,00:24:53:33,Video_Lassing_001,Syringodium,80,90,Blackfly,,1,,Jeromy,,,
MBSTest2024,6/25/2024,00:24:47:33,00:24:53:33,Video_Lassing_001,Thalassia,10,90,Blackfly,,1,,Jeromy,,,
MBSTest2024,6/25/2024,00:24:53:66,00:25:20:33,Video_Lassing_001,Thalassia,80,80,Blackfly,,1,,Jeromy,,,
MBSTest2024,6/25/2024,00:25:20:66,00:25:28:33,Video_Lassing_001,Syringodium,70,90,Blackfly,,1,,Jeromy,,,
MBSTest2024,6/25/2024,00:25:20:66,00:25:28:33,Video_Lassing_001,Thalassia,20,90,Blackfly,,1,,Jeromy,,,
MBSTest2024,6/25/2024,00:25:28:66,00:25:50:00,Video_Lassing_001,Syringodium,80,80,Blackfly,,1,,Jeromy,,,
MBSTest2024,6/25/2024,00:25:50:33,00:25:58:33,Video_Lassing_001,Syringodium,20,20,Blackfly,,1,,Jeromy,,,
MBSTest2024,6/25/2024,00:25:58:66,00:26:01:67,Video_Lassing_001,Syringodium,90,90,Blackfly,,1,,Jeromy,,,
MBSTest2024,6/25/2024,00:26:02:00,00:26:09:00,Video_Lassing_001,Syringodium,50,80,Blackfly,,1,,Jeromy,,,
MBSTest2024,6/25/2024,00:26:02:00,00:26:09:00,Video_Lassing_001,Thalassia,30,80,Blackfly,,1,,Jeromy,,,
MBSTest2024,6/25/2024,00:26:09:33,00:26:12:33,Video_Lassing_001,Thalassia,80,80,Blackfly,,1,,Jeromy,,,
MBSTest2024,6/25/2024,00:26:12:66,00:26:14:00,Video_Lassing_001,Thalassia,30,30,Blackfly,,1,,Jeromy,,,
MBSTest2024,6/25/2024,00:26:14:33,00:26:23:67,Video_Lassing_001,Syringodium,10,80,Blackfly,,1,,Jeromy,,,
MBSTest2024,6/25/2024,00:26:14:33,00:26:23:67,Video_Lassing_001,Thalassia,70,80,Blackfly,,1,,Jeromy,,,
MBSTest2024,6/25/2024,00:26:24:00,00:26:36:33,Video_Lassing_001,Syringodium,100,100,Blackfly,,1,,Jeromy,,,
MBSTest2024,6/25/2024,00:26:36:66,00:26:47:33,Video_Lassing_001,Syringodium,40,80,Blackfly,,1,,Jeromy,slightly blurry video so uncertain of T/S,,
MBSTest2024,6/25/2024,00:26:36:66,00:26:47:33,Video_Lassing_001,Thalassia,40,80,Blackfly,,1,,Jeromy,,,
MBSTest2024,6/25/2024,00:26:47:66,00:27:19:00,Video_Lassing_001,Syringodium,60,80,Blackfly,,1,,Jeromy,,,
MBSTest2024,6/25/2024,00:26:47:66,00:27:19:00,Video_Lassing_001,Thalassia,20,80,Blackfly,,1,,Jeromy,,,
MBSTest2024,6/25/2024,00:27:19:33,00:28:13:00,Video_Lassing_001,Syringodium,100,100,Blackfly,,1,,Jeromy,,,
MBSTest2024,6/25/2024,00:28:13:33,00:29:30:00,Video_Lassing_001,Syringodium,50,90,Blackfly,,1,,Jeromy,,,
MBSTest2024,6/25/2024,00:28:13:33,00:29:30:00,Video_Lassing_001,Thalassia,40,90,Blackfly,,1,,Jeromy,,,
MBSTest2024,6/25/2024,00:29:30:33,00:30:15:00,Video_Lassing_001,Syringodium,20,90,Blackfly,,1,,Jeromy,,,
MBSTest2024,6/25/2024,00:29:30:33,00:30:15:00,Video_Lassing_001,Thalassia,70,90,Blackfly,,1,,Jeromy,,,
MBSTest2024,6/25/2024,00:30:15:33,00:30:38:66,Video_Lassing_001,Syringodium,80,100,Blackfly,,1,,Jeromy,,,
MBSTest2024,6/25/2024,00:30:15:33,00:30:38:66,Video_Lassing_001,Thalassia,20,100,Blackfly,,1,,Jeromy,,,
MBSTest2024,6/25/2024,00:30:39:00,00:30:52:00,Video_Lassing_001,Syringodium,60,80,Blackfly,,1,brief patch amidst dense field,Jeromy,,,
MBSTest2024,6/25/2024,00:30:39:00,00:30:52:00,Video_Lassing_001,Thalassia,20,80,Blackfly,,1,,Jeromy,,,
MBSTest2024,6/25/2024,00:30:52:33,00:32:52:33,Video_Lassing_001,Syringodium,90,100,Blackfly,,1,,Jeromy,,,
MBSTest2024,6/25/2024,00:30:52:33,00:32:52:33,Video_Lassing_001,Thalassia,10,100,Blackfly,,1,,Jeromy,,,
MBSTest2024,6/25/2024,00:32:52:66,00:33:00:00,Video_Lassing_001,Syringodium,90,100,Blackfly,,1,,Jeromy,"video begins moving very quickly, ID unclear",,
MBSTest2024,6/25/2024,00:32:52:66,00:33:00:00,Video_Lassing_001,Thalassia,10,100,Blackfly,,1,,Jeromy,,,
MBSTest2024,6/25/2024,00:33:00:33,00:33:04:33,Video_Lassing_001,Syringodium,50,50,Blackfly,,1,brief patch amidst dense field,Jeromy,"probably S but marginal and quick in video, could be any",,
MBSTest2024,6/25/2024,00:33:04:66,00:33:06:33,Video_Lassing_001,Syringodium,90,90,Blackfly,,1,,Jeromy,,,
MBSTest2024,6/25/2024,00:33:06:66,00:33:11:00,Video_Lassing_001,Syringodium,30,30,Blackfly,,1,,Jeromy,,,
MBSTest2024,6/25/2024,00:33:11:33,00:33:18:00,Video_Lassing_001,Syringodium,90,90,Blackfly,,1,,Jeromy,,,
MBSTest2024,6/25/2024,00:33:18:33,00:33:20:00,Video_Lassing_001,Syringodium,60,60,Blackfly,,1,,Jeromy,,,
MBSTest2024,6/25/2024,00:33:20:33,00:33:21:00,Video_Lassing_001,Syringodium,100,100,Blackfly,,1,,Jeromy,,,
MBSTest2024,6/25/2024,00:33:21:33,00:33:24:66,Video_Lassing_001,Syringodium,60,60,Blackfly,,1,,Jeromy,,,
MBSTest2024,6/25/2024,00:33:25:00,00:33:41:66,Video_Lassing_001,Syringodium,60,100,Blackfly,,1,,Jeromy,,,
MBSTest2024,6/25/2024,00:33:25:00,00:33:41:66,Video_Lassing_001,Thalassia,40,100,Blackfly,,1,,Jeromy,"blurry video, ID unclear",,
MBSTest2024,6/25/2024,00:33:42:00,00:33:55:66,Video_Lassing_001,Syringodium,70,90,Blackfly,,1,,Jeromy,,,
MBSTest2024,6/25/2024,00:33:42:00,00:33:55:66,Video_Lassing_001,Thalassia,20,90,Blackfly,,1,,Jeromy,,,
MBSTest2024,6/25/2024,00:33:56:00,00:34:02:00,Video_Lassing_001,Syringodium,40,80,Blackfly,,1,,Jeromy,,,
MBSTest2024,6/25/2024,00:33:56:00,00:34:02:00,Video_Lassing_001,Thalassia,40,80,Blackfly,,1,,Jeromy,,,
MBSTest2024,6/25/2024,00:34:02:33,00:34:27:33,Video_Lassing_001,Thalassia,20,20,Blackfly,,1,,Jeromy,,,
MBSTest2024,6/25/2024,00:34:27:66,00:34:51:00,Video_Lassing_001,Syringodium,0,0,Blackfly,,0,,Jeromy,,,
MBSTest2024,6/25/2024,00:34:51:33,00:35:08:00,Video_Lassing_001,Syringodium,50,50,Blackfly,,1,,Jeromy,,,
MBSTest2024,6/25/2024,00:35:08:33,00:35:45:00,Video_Lassing_001,Syringodium,80,80,Blackfly,,1,,Jeromy,,,
MBSTest2024,6/25/2024,00:35:45:33,00:36:01:00,Video_Lassing_001,Syringodium,100,100,Blackfly,,1,video begins moving very fast,Jeromy,,,
MBSTest2024,6/25/2024,00:36:01:33,00:36:04:33,Video_Lassing_001,Syringodium,60,60,Blackfly,,1,,Jeromy,,,
MBSTest2024,6/25/2024,00:36:04:66,00:36:20:33,Video_Lassing_001,Syringodium,50,100,Blackfly,,1,"vid blurry, species ratio unclear",Jeromy,,,
MBSTest2024,6/25/2024,00:36:04:66,00:36:20:33,Video_Lassing_001,Thalassia,50,100,Blackfly,,1,,Jeromy,,,
MBSTest2024,6/25/2024,00:36:20:66,00:36:40:00,Video_Lassing_001,Syringodium,30,90,Blackfly,,1,"vid blurry, species ratio unclear",Jeromy,,,
MBSTest2024,6/25/2024,00:36:20:66,00:36:40:00,Video_Lassing_001,Thalassia,60,90,Blackfly,,1,,Jeromy,,,
MBSTest2024,6/25/2024,00:36:40:33,00:36:44:33,Video_Lassing_001,Syringodium,80,80,Blackfly,,1,bright white object to left at 36:43:00,Jeromy,,,
MBSTest2024,6/25/2024,00:36:44:66,00:37:42:33,Video_Lassing_001,Syringodium,90,100,Blackfly,,1,,Jeromy,,,
MBSTest2024,6/25/2024,00:36:44:66,00:37:42:33,Video_Lassing_001,Thalassia,10,100,Blackfly,,1,,Jeromy,,,
MBSTest2024,6/25/2024,00:37:42:66,00:38:07:33,Video_Lassing_001,Syringodium,100,100,Blackfly,,1,,Jeromy,,,
MBSTest2024,6/25/2024,00:38:07:66,00:38:12:66,Video_Lassing_001,Syringodium,80,90,Blackfly,,1,,Jeromy,,,
MBSTest2024,6/25/2024,00:38:07:66,00:38:12:66,Video_Lassing_001,Thalassia,10,90,Blackfly,,1,,Jeromy,,,
MBSTest2024,6/25/2024,00:38:13:00,00:38:15:00,Video_Lassing_001,Syringodium,80,80,Blackfly,,1,,Jeromy,,,
MBSTest2024,6/25/2024,00:38:15:33,00:38:23:00,Video_Lassing_001,Syringodium,30,30,Blackfly,,1,,Jeromy,,,
MBSTest2024,6/25/2024,00:38:23:33,00:38:33:66,Video_Lassing_001,Syringodium,70,70,Blackfly,,1,,Jeromy,,,
MBSTest2024,6/25/2024,00:38:34:00,00:38:53:66,Video_Lassing_001,Syringodium,10,10,Blackfly,,1,heavy glare,Jeromy,,,
MBSTest2024,6/25/2024,00:38:54:00,00:39:00:66,Video_Lassing_001,Syringodium,50,50,Blackfly,,1,,Jeromy,,,
MBSTest2024,6/25/2024,00:39:01:00,00:39:16:00,Video_Lassing_001,Syringodium,30,30,Blackfly,,1,,Jeromy,,,
MBSTest2024,6/25/2024,00:39:16:33,00:39:25:00,Video_Lassing_001,Syringodium,0,0,Blackfly,,0,entirely glare,Jeromy,,,
MBSTest2024,6/25/2024,00:39:25:33,00:39:34:33,Video_Lassing_001,Syringodium,10,10,Blackfly,,1,mostly glare,Jeromy,,,
MBSTest2024,6/25/2024,00:39:34:66,00:39:43:00,Video_Lassing_001,Syringodium,0,0,Blackfly,,0,entirely glare,Jeromy,,,
MBSTest2024,6/25/2024,00:39:43:33,00:39:50:00,Video_Lassing_001,Syringodium,20,20,Blackfly,,1,mostly glare,Jeromy,,,
MBSTest2024,6/25/2024,00:39:50:33,00:39:51:66,Video_Lassing_001,Syringodium,0,0,Blackfly,,0,entirely glare,Jeromy,,,
MBSTest2024,6/25/2024,00:39:52:00,00:40:02:00,Video_Lassing_001,Syringodium,20,90,Blackfly,,1,"blurry video, species ratio unclear",Jeromy,,,
MBSTest2024,6/25/2024,00:39:52:00,00:40:02:00,Video_Lassing_001,Thalassia,70,90,Blackfly,,1,,Jeromy,,,
MBSTest2024,6/25/2024,00:40:02:33,00:40:08:00,Video_Lassing_001,Syringodium,40,50,Blackfly,,1,,Jeromy,,,
MBSTest2024,6/25/2024,00:40:02:33,00:40:08:00,Video_Lassing_001,Thalassia,10,50,Blackfly,,1,,Jeromy,,,
MBSTest2024,6/25/2024,00:40:08:33,00:40:12:66,Video_Lassing_001,Thalassia,90,90,Blackfly,,1,,Jeromy,,,
MBSTest2024,6/25/2024,00:40:13:00,00:40:16:33,Video_Lassing_001,Syringodium,70,70,Blackfly,,1,,Jeromy,,,
MBSTest2024,6/25/2024,00:40:16:66,00:40:18:66,Video_Lassing_001,Syringodium,50,70,Blackfly,,1,,Jeromy,,,
MBSTest2024,6/25/2024,00:40:16:66,00:40:18:66,Video_Lassing_001,Thalassia,20,70,Blackfly,,1,,Jeromy,,,
MBSTest2024,6/25/2024,00:40:19:00,00:40:22:00,Video_Lassing_001,Thalassia,100,100,Blackfly,,1,,Jeromy,,,
MBSTest2024,6/25/2024,00:40:22:33,00:40:28:33,Video_Lassing_001,Syringodium,0,0,Blackfly,,0,entirely glare,Jeromy,,,
MBSTest2024,6/25/2024,00:40:28:66,00:40:32:33,Video_Lassing_001,Thalassia,90,90,Blackfly,,1,,Jeromy,stingray at 00:40:31:33,,
MBSTest2024,6/25/2024,00:40:32:66,00:40:35:66,Video_Lassing_001,Syringodium,80,80,Blackfly,,1,,Jeromy,,,
MBSTest2024,6/25/2024,00:40:36:00,00:40:46:00,Video_Lassing_001,Syringodium,0,0,Blackfly,,0,entirely glare,Jeromy,,,
MBSTest2024,6/25/2024,00:40:46:33,00:40:48:66,Video_Lassing_001,Syringodium,40,40,Blackfly,,1,"heavy glare, species ID unclear could be T",Jeromy,,,
MBSTest2024,6/25/2024,00:40:49:00,00:40:51:33,Video_Lassing_001,Syringodium,0,0,Blackfly,,0,entirely glare,Jeromy,,,
MBSTest2024,6/25/2024,00:40:51:66,00:40:55:00,Video_Lassing_001,Syringodium,90,90,Blackfly,,1,,Jeromy,,,
MBSTest2024,6/25/2024,00:40:55:33,00:40:56:00,Video_Lassing_001,Syringodium,60,60,Blackfly,,1,,Jeromy,,,
MBSTest2024,6/25/2024,00:40:56:33,00:40:59:00,Video_Lassing_001,Syringodium,10,10,Blackfly,,1,"heavy glare - likely much more S, but obscured",Jeromy,,,
MBSTest2024,6/25/2024,00:40:59:33,00:41:05:66,Video_Lassing_001,Syringodium,70,70,Blackfly,,1,,Jeromy,,,
MBSTest2024,6/25/2024,00:41:06:00,00:57:13:33,Video_Lassing_001,Syringodium,0,0,Blackfly,,0,entirely glare for 16 minutes,Jeromy,,,
MBSTest2024,6/25/2024,00:57:13:66,00:57:17:66,Video_Lassing_001,Syringodium,80,80,Blackfly,,1,,Jeromy,,,
MBSTest2024,6/25/2024,00:57:18:00,00:57:22:00,Video_Lassing_001,Syringodium,40,40,Blackfly,,1,,Jeromy,,,
MBSTest2024,6/25/2024,00:57:22:33,00:57:24:00,Video_Lassing_001,Syringodium,80,80,Blackfly,,1,,Jeromy,,,
MBSTest2024,6/25/2024,00:57:24:33,00:57:32:00,Video_Lassing_001,Syringodium,50,50,Blackfly,,1,,Jeromy,,,
MBSTest2024,6/25/2024,00:57:32:33,00:57:36:66,Video_Lassing_001,Syringodium,30,50,Blackfly,,1,,Jeromy,,,
MBSTest2024,6/25/2024,00:57:32:33,00:57:36:66,Video_Lassing_001,Thalassia,20,50,Blackfly,,1,,Jeromy,,,
MBSTest2024,6/25/2024,00:57:37:00,00:57:42:66,Video_Lassing_001,Syringodium,90,90,Blackfly,,1,,Jeromy,"vid blurry, species ID unclear",,
MBSTest2024,6/25/2024,00:57:43:00,00:57:45:00,Video_Lassing_001,Syringodium,0,0,Blackfly,,0,entirely glare,Jeromy,,,
MBSTest2024,6/25/2024,00:57:45:33,00:58:15:66,Video_Lassing_001,Syringodium,90,90,Blackfly,,1,"blurry video, species ratio unclear",Jeromy,,,
MBSTest2024,6/25/2024,00:58:16:00,00:58:17:33,Video_Lassing_001,Syringodium,30,30,Blackfly,,1,heavy glare,Jeromy,,,
MBSTest2024,6/25/2024,00:58:17:66,00:58:24:00,Video_Lassing_001,Syringodium,90,90,Blackfly,,1,"blurry video, species ratio unclear",Jeromy,,,
MBSTest2024,6/25/2024,00:58:24:33,00:58:26:33,Video_Lassing_001,Syringodium,40,80,Blackfly,,1,,Jeromy,,,
MBSTest2024,6/25/2024,00:58:24:33,00:58:26:33,Video_Lassing_001,Thalassia,40,80,Blackfly,,1,,Jeromy,,,
MBSTest2024,6/25/2024,00:58:26:66,00:59:51:66,Video_Lassing_001,Thalassia,80,80,Blackfly,,1,,Jeromy,,,
MBSTest2024,6/25/2024,00:59:52:00,01:00:17:66,Video_Lassing_001,Thalassia,50,50,Blackfly,,1,"heavy glare on left of video, definitely on top of leaves at times",Jeromy,,,
MBSTest2024,6/25/2024,01:00:18:00,01:00:36:66,Video_Lassing_001,Thalassia,20,20,Blackfly,,1,heavy glare,Jeromy,,,
MBSTest2024,6/25/2024,01:00:37:00,01:01:01:66,Video_Lassing_001,Syringodium,40,50,Blackfly,,1,heavy glare,Jeromy,,,
MBSTest2024,6/25/2024,01:00:37:00,01:01:01:66,Video_Lassing_001,Thalassia,10,50,Blackfly,,1,,Jeromy,,,
MBSTest2024,6/25/2024,01:01:02:00,01:01:12:66,Video_Lassing_001,Syringodium,80,80,Blackfly,,1,,Jeromy,,,
MBSTest2024,6/25/2024,01:01:13:00,01:02:59:33,Video_Lassing_001,Syringodium,100,100,Blackfly,,1,,Jeromy,,,
,,,,,,,,,,,,,,,
,,,,,,,,,,,,,,,
,,,,,,,,,,,,,,,
,,,,,,,,,,,,,,,
,,,,,,,,,,,,,,,
,,,,,,,,,,,,,,,
,,,,,,,,,,,,,,,
,,,,,,,,,,,,,,,
,,,,,,,,,,,,,,,
,,,,,,,,,,,,,,,
,,,,,,,,,,,,,,,
MBSTest2024,6/25/2024,,,Video_Lassing_001,,,,Blackfly,,,,,,,
MBSTest2024,6/25/2024,,,Video_Lassing_001,,,,Blackfly,,1,,,,,
MBSTest2024,6/25/2024,00:18:00:00,00:18:17:00,Video_Lassing_001,Thalassia,70,90,Blackfly,,1,,Lillian,,,
MBSTest2024,6/25/2024,00:18:00:00,00:18:17:00,Video_Lassing_001,Syringodium,20,90,Blackfly,,1,,Lillian,,,
MBSTest2024,6/25/2024,00:18:17:00,00:18:27:00,Video_Lassing_001,Thalassia,40,80,Blackfly,,1,,Lillian,,,
MBSTest2024,6/25/2024,00:18:17:00,00:18:33:00,Video_Lassing_001,Syringodium,40,80,Blackfly,,1,,Lillian,,,
MBSTest2024,6/25/2024,00:18:33:00,00:18:44:00,Video_Lassing_001,Thalassia,10,90,Blackfly,,1,,Lillian,,,
MBSTest2024,6/25/2024,00:18:33:00,00:18:44:00,Video_Lassing_001,Syringodium,80,90,Blackfly,,1,,Lillian,,,
MBSTest2024,6/25/2024,00:18:44:00,00:19:12:00,Video_Lassing_001,Syringodium,90,90,Blackfly,,1,,Lillian,,,
MBSTest2024,6/25/2024,00:19:12:00,00:19:23:00,Video_Lassing_001,Syringodium,60,60,Blackfly,,1,,Lillian,,,
MBSTest2024,6/25/2024,00:19:23:00,00:19:30:00,Video_Lassing_001,Thalassia,30,80,Blackfly,,1,,Lillian,,,
MBSTest2024,6/25/2024,00:19:23:00,00:19:30:00,Video_Lassing_001,Syringodium,50,80,Blackfly,,1,,Lillian,,,
MBSTest2024,6/25/2024,00:19:30:00,00:19:39:00,Video_Lassing_001,Thalassia,30,70,Blackfly,,1,,Lillian,,,
MBSTest2024,6/25/2024,00:19:30:00,00:19:39:00,Video_Lassing_001,Syringodium,40,70,Blackfly,,1,,Lillian,,,
MBSTest2024,6/25/2024,00:19:39:00,00:20:05:00,Video_Lassing_001,Thalassia,40,90,Blackfly,,1,,Lillian,,,
MBSTest2024,6/25/2024,00:19:39:00,00:20:05:00,Video_Lassing_001,Syringodium,50,90,Blackfly,,1,,Lillian,,,
MBSTest2024,6/25/2024,00:20:05:00,00:20:15:00,Video_Lassing_001,Thalassia,40,80,Blackfly,,1,,Lillian,,,
MBSTest2024,6/25/2024,00:20:05:00,00:20:05:00,Video_Lassing_001,Syringodium,40,80,Blackfly,,1,,Lillian,,,
MBSTest2024,6/25/2024,00:20:15:00,00:20:23:00,Video_Lassing_001,Thalassia,60,80,Blackfly,,1,,Lillian,,,
MBSTest2024,6/25/2024,00:20:15:00,00:20:23:00,Video_Lassing_001,Syringodium,20,80,Blackfly,,1,,Lillian,,,
MBSTest2024,6/25/2024,00:20:23:00,00:20:36:00,Video_Lassing_001,Thalassia,60,60,Blackfly,,1,,Lillian,,,
MBSTest2024,6/25/2024,00:20:36:00,00:20:47:00,Video_Lassing_001,Thalassia,30,40,Blackfly,,1,,Lillian,,,
MBSTest2024,6/25/2024,00:20:36:00,00:20:47:00,Video_Lassing_001,Syringodium,10,40,Blackfly,,1,,Lillian,,,
MBSTest2024,6/25/2024,00:20:47:00,00:21:35:00,Video_Lassing_001,Thalassia,10,20,Blackfly,,1,,Lillian,,,
MBSTest2024,6/25/2024,00:20:47:00,00:21:35:00,Video_Lassing_001,Syringodium,10,20,Blackfly,,1,,Lillian,difficult to ID due to brightness,,
MBSTest2024,6/25/2024,00:21:35:00,00:21:42:00,Video_Lassing_001,Syringodium,60,60,Blackfly,,1,,Lillian,,,
MBSTest2024,6/25/2024,00:21:42:00,00:21:55:00,Video_Lassing_001,Thalassia,20,60,Blackfly,,1,,Lillian,,,
MBSTest2024,6/25/2024,00:21:42:00,00:21:55:00,Video_Lassing_001,Syringodium,40,60,Blackfly,,1,,Lillian,,,
MBSTest2024,6/25/2024,00:21:55:00,00:22:01:00,Video_Lassing_001,Syringodium,40,40,Blackfly,,1,,Lillian,,,
MBSTest2024,6/25/2024,00:22:01:00,00:22:22:00,Video_Lassing_001,Syringodium,10,10,Blackfly,,1,,Lillian,,,
MBSTest2024,6/25/2024,00:22:22:00,00:22:32:00,Video_Lassing_001,Thalassia,40,80,Blackfly,,1,,Lillian,blurry difficult to ID,,
MBSTest2024,6/25/2024,00:22:22:00,00:22:32:00,Video_Lassing_001,Syringodium,40,80,Blackfly,,1,,Lillian,,,
MBSTest2024,6/25/2024,00:22:32:00,00:23:00:00,Video_Lassing_001,Thalassia,40,40,Blackfly,,1,,Lillian,,,
MBSTest2024,6/25/2024,00:23:00:00,00:23:08:00,Video_Lassing_001,Syringodium,80,80,Blackfly,,1,,Lillian,,,
MBSTest2024,6/25/2024,00:23:08:00,00:23:24:00,Video_Lassing_001,Thalassia,30,40,Blackfly,,1,,Lillian,,,
MBSTest2024,6/25/2024,00:23:08:00,00:23:24:00,Video_Lassing_001,Syringodium,10,40,Blackfly,,1,,Lillian,,,
MBSTest2024,6/25/2024,00:23:24:00,00:23:34:00,Video_Lassing_001,Syringodium,40,40,Blackfly,,1,,Lillian,,,
MBSTest2024,6/25/2024,00:23:34:00,00:23:56:00,Video_Lassing_001,Syringodium,80,80,Blackfly,,1,,Lillian,,,
MBSTest2024,6/25/2024,00:23:56:00,00:24:00:00,Video_Lassing_001,Thalassia,40,40,Blackfly,,1,,Lillian,"blurry, can't tell if S presesnt",,
MBSTest2024,6/25/2024,00:24:00:00,00:24:08:00,Video_Lassing_001,Syringodium,40,40,Blackfly,,1,,Lillian,,,
MBSTest2024,6/25/2024,00:24:08:00,00:24:13:00,Video_Lassing_001,Thalassia,40,60,Blackfly,,1,,Lillian,,,
MBSTest2024,6/25/2024,00:24:08:00,00:24:13:00,Video_Lassing_001,Syringodium,20,60,Blackfly,,1,,Lillian,,,
MBSTest2024,6/25/2024,00:24:13:00,00:24:15:00,Video_Lassing_001,N/A,0,0,Blackfly,,0,,Lillian,,,
MBSTest2024,6/25/2024,00:24:15:00,00:24:29:00,Video_Lassing_001,Thalassia,40,60,Blackfly,,1,,Lillian,,,
MBSTest2024,6/25/2024,00:24:15:00,00:24:29:00,Video_Lassing_001,Syringodium,20,60,Blackfly,,1,,Lillian,,,
MBSTest2024,6/25/2024,00:24:29:00,00:24:42:00,Video_Lassing_001,Thalassia,20,60,Blackfly,,1,,Lillian,,,
MBSTest2024,6/25/2024,00:24:29:00,00:24:42:00,Video_Lassing_001,Syringodium,40,60,Blackfly,,1,,Lillian,,,
MBSTest2024,6/25/2024,00:24:42:00,00:24:47:00,Video_Lassing_001,Thalassia,40,50,Blackfly,,1,,Lillian,,,
MBSTest2024,6/25/2024,00:24:42:00,00:24:47:00,Video_Lassing_001,Syringodium,10,50,Blackfly,,1,,Lillian,,,
MBSTest2024,6/25/2024,00:24:47:00,00:24:54:00,Video_Lassing_001,Syringodium,70,70,Blackfly,,1,,Lillian,,,
MBSTest2024,6/25/2024,00:24:54:00,00:25:24:00,Video_Lassing_001,Thalassia,50,60,Blackfly,,1,,Lillian,,,
MBSTest2024,6/25/2024,00:24:54:00,00:25:24:00,Video_Lassing_001,Syringodium,10,60,Blackfly,,1,,Lillian,,,
MBSTest2024,6/25/2024,00:25:24:00,00:25:49:00,Video_Lassing_001,Thalassia,10,80,Blackfly,,1,,Lillian,,,
MBSTest2024,6/25/2024,00:25:24:00,00:25:49:00,Video_Lassing_001,Syringodium,70,80,Blackfly,,1,,Lillian,,,
MBSTest2024,6/25/2024,00:25:49:00,00:25:53:00,Video_Lassing_001,Syringodium,30,30,Blackfly,,1,,Lillian,,,
MBSTest2024,6/25/2024,00:25:53:00,00:25:59:00,Video_Lassing_001,Syringodium,20,20,Blackfly,,1,,Lillian,,,
MBSTest2024,6/25/2024,00:25:59:00,00:26:03:00,Video_Lassing_001,Syringodium,70,70,Blackfly,,1,,Lillian,,,
MBSTest2024,6/25/2024,00:26:03:00,00:26:06:00,Video_Lassing_001,Thalassia,10,80,Blackfly,,1,,Lillian,,,
MBSTest2024,6/25/2024,00:26:03:00,00:26:03:00,Video_Lassing_001,Syringodium,70,80,Blackfly,,1,,Lillian,,,
MBSTest2024,6/25/2024,00:26:06:00,00:26:10:00,Video_Lassing_001,Thalassia,40,90,Blackfly,,1,,Lillian,,,
MBSTest2024,6/25/2024,00:26:06:00,00:26:10:00,Video_Lassing_001,Syringodium,50,90,Blackfly,,1,,Lillian,,,
MBSTest2024,6/25/2024,00:26:10:00,00:26:21:00,Video_Lassing_001,Thalassia,40,50,Blackfly,,1,,Lillian,,,
MBSTest2024,6/25/2024,00:26:10:00,00:26:21:00,Video_Lassing_001,Syringodium,10,50,Blackfly,,1,,Lillian,,,
MBSTest2024,6/25/2024,00:26:21:00,00:26:25:00,Video_Lassing_001,Thalassia,40,40,Blackfly,,1,,Lillian,"blurry, I can't tell if T present",,
MBSTest2024,6/25/2024,00:26:25:00,00:26:38:00,Video_Lassing_001,Syringodium,90,90,Blackfly,,1,,Lillian,,,
MBSTest2024,6/25/2024,00:26:38:00,00:26:48:00,Video_Lassing_001,Thalassia,30,40,Blackfly,,1,,Lillian,,,
MBSTest2024,6/25/2024,00:26:38:00,00:26:48:00,Video_Lassing_001,Syringodium,10,40,Blackfly,,1,,Lillian,,,
MBSTest2024,6/25/2024,00:26:48:00,00:27:04:00,Video_Lassing_001,Thalassia,10,80,Blackfly,,1,,Lillian,,,
MBSTest2024,6/25/2024,00:26:48:00,00:27:04:00,Video_Lassing_001,Syringodium,70,80,Blackfly,,1,,Lillian,,,
MBSTest2024,6/25/2024,00:27:04:00,00:27:19:00,Video_Lassing_001,Thalassia,20,40,Blackfly,,1,,Lillian,,,
MBSTest2024,6/25/2024,00:27:04:00,00:27:19:00,Video_Lassing_001,Syringodium,20,40,Blackfly,,1,,Lillian,,,
MBSTest2024,6/25/2024,00:27:19:00,00:27:42:00,Video_Lassing_001,Syringodium,80,80,Blackfly,,1,,Lillian,,,
MBSTest2024,6/25/2024,00:27:42:00,00:28:28:00,Video_Lassing_001,Syringodium,60,60,Blackfly,,1,,Lillian,,,
MBSTest2024,6/25/2024,00:28:28:00,00:28:45:00,Video_Lassing_001,Syringodium,70,80,Blackfly,,1,,Lillian,,,
MBSTest2024,6/25/2024,00:28:28:00,00:28:45:00,Video_Lassing_001,Thalassia,10,80,Blackfly,,1,,Lillian,,,
MBSTest2024,6/25/2024,00:28:45:00,00:29:01:00,Video_Lassing_001,Thalassia,20,50,Blackfly,,1,,Lillian,,,
MBSTest2024,6/25/2024,00:28:45:00,00:29:01:00,Video_Lassing_001,Syringodium,30,50,Blackfly,,1,,Lillian,,,
MBSTest2024,6/25/2024,00:29:01:00,00:29:24:00,Video_Lassing_001,Thalassia,60,70,Blackfly,,1,,Lillian,,,
MBSTest2024,6/25/2024,00:29:01:00,00:29:24:00,Video_Lassing_001,Syringodium,10,70,Blackfly,,1,,Lillian,,,
MBSTest2024,6/25/2024,00:29:24:00,00:29:52:00,Video_Lassing_001,Thalassia,20,40,Blackfly,,1,,Lillian,,,
MBSTest2024,6/25/2024,00:29:24:00,00:29:52:00,Video_Lassing_001,Syringodium,20,40,Blackfly,,1,,Lillian,,,
MBSTest2024,6/25/2024,00:29:52:00,00:30:19:00,Video_Lassing_001,Thalassia,60,60,Blackfly,,1,,Lillian,,,
MBSTest2024,6/25/2024,00:30:19:00,00:30:44:00,Video_Lassing_001,Thalassia,40,80,Blackfly,,1,,Lillian,,,
MBSTest2024,6/25/2024,00:30:19:00,00:30:44:00,Video_Lassing_001,Syringodium,40,80,Blackfly,,1,,Lillian,,,
MBSTest2024,6/25/2024,00:30:44:00,00:30:55:00,Video_Lassing_001,Thalassia,30,40,Blackfly,,1,,Lillian,algae or other species in frame,,
MBSTest2024,6/25/2024,00:30:44:00,00:30:55:00,Video_Lassing_001,Syringodium,10,40,Blackfly,,1,,Lillian,,,
MBSTest2024,6/25/2024,00:30:55:00,00:31:05:00,Video_Lassing_001,Thalassia,50,90,Blackfly,,1,,Lillian,,,
MBSTest2024,6/25/2024,00:30:55:00,00:31:05:00,Video_Lassing_001,Syringodium,40,90,Blackfly,,1,,Lillian,,,
MBSTest2024,6/25/2024,00:31:05:00,00:32:04:00,Video_Lassing_001,Thalassia,20,90,Blackfly,,1,,Lillian,,,
MBSTest2024,6/25/2024,00:31:05:00,00:32:04:00,Video_Lassing_001,Syringodium,70,90,Blackfly,,1,,Lillian,,,
MBSTest2024,6/25/2024,00:32:04:00,00:32:48:00,Video_Lassing_001,Thalassia,30,90,Blackfly,,1,,Lillian,,,
MBSTest2024,6/25/2024,00:32:04:00,00:32:48:00,Video_Lassing_001,Syringodium,60,90,Blackfly,,1,,Lillian,,,
MBSTest2024,6/25/2024,00:32:48:00,00:32:53:00,Video_Lassing_001,Thalassia,40,70,Blackfly,,1,,Lillian,,,
MBSTest2024,6/25/2024,00:32:48:00,00:32:53:00,Video_Lassing_001,Syringodium,30,70,Blackfly,,1,,Lillian,,,
MBSTest2024,6/25/2024,00:32:53:00,00:33:00:00,Video_Lassing_001,Syringodium,80,80,Blackfly,,1,,Lillian,"blurry, difficult to ID",,
MBSTest2024,6/25/2024,00:33:00:00,00:33:04:00,Video_Lassing_001,Syringodium,40,40,Blackfly,,1,,Lillian,"blurry, difficult to ID",,
MBSTest2024,6/25/2024,00:33:04:00,00:33:07:00,Video_Lassing_001,Syringodium,90,90,Blackfly,,1,,Lillian,,,
MBSTest2024,6/25/2024,00:33:07:00,00:33:11:00,Video_Lassing_001,Syringodium,30,30,Blackfly,,1,,Lillian,,,
MBSTest2024,6/25/2024,00:33:11:00,00:33:19:00,Video_Lassing_001,Syringodium,80,80,Blackfly,,1,,Lillian,,,
MBSTest2024,6/25/2024,00:33:19:00,00:33:25:00,Video_Lassing_001,Syringodium,60,60,Blackfly,,1,,Lillian,"blurry, difficult to ID",,
MBSTest2024,6/25/2024,00:33:25:00,00:33:43:00,Video_Lassing_001,Syringodium,90,90,Blackfly,,1,,Lillian,,,
MBSTest2024,6/25/2024,00:33:43:00,00:34:00:00,Video_Lassing_001,Syringodium,70,70,Blackfly,,1,,Lillian,,,
MBSTest2024,6/25/2024,00:34:00:00,00:34:04:00,Video_Lassing_001,Syringodium,50,50,Blackfly,,1,,Lillian,,,
MBSTest2024,6/25/2024,00:34:04:00,00:34:58:00,Video_Lassing_001,N/A,0,0,Blackfly,,0,,Lillian,,,
MBSTest2024,6/25/2024,00:34:58:00,00:35:09:00,Video_Lassing_001,Syringodium,30,30,Blackfly,,1,,Lillian,,,
MBSTest2024,6/25/2024,00:35:09:00,00:35:19:00,Video_Lassing_001,Syringodium,70,70,Blackfly,,1,,Lillian,,,
MBSTest2024,6/25/2024,00:35:19:00,00:35:49:00,Video_Lassing_001,Syringodium,40,40,Blackfly,,1,,Lillian,,,"brightness on leaves, difficult to estimate percent cover"
MBSTest2024,6/25/2024,00:35:49:00,00:36:02:00,Video_Lassing_001,Syringodium,80,80,Blackfly,,1,,Lillian,,,
MBSTest2024,6/25/2024,00:36:02:00,00:36:05:00,Video_Lassing_001,Syringodium,50,50,Blackfly,,1,,Lillian,,,
MBSTest2024,6/25/2024,00:36:05:00,00:36:24:00,Video_Lassing_001,Syringodium,80,80,Blackfly,,1,,Lillian,"bright glare on leaves, difficult to estimate percent cover",,
MBSTest2024,6/25/2024,00:36:24:00,00:36:28:00,Video_Lassing_001,Syringodium,40,70,Blackfly,,1,,Lillian,"blurry, difficult to ID T if present",,
MBSTest2024,6/25/2024,00:36:24:00,00:36:28:00,Video_Lassing_001,Thalassia,30,70,Blackfly,,1,,Lillian,,,
MBSTest2024,6/25/2024,00:36:28:00,00:36:35:00,Video_Lassing_001,Syringodium,80,80,Blackfly,,1,,Lillian,,,
MBSTest2024,6/25/2024,00:36:35:00,00:38:09:00,Video_Lassing_001,Syringodium,90,90,Blackfly,,1,,Lillian,,,
MBSTest2024,6/25/2024,00:38:09:00,00:38:15:00,Video_Lassing_001,Syringodium,80,90,Blackfly,,1,,Lillian,,,
MBSTest2024,6/25/2024,00:38:09:00,00:38:15:00,Video_Lassing_001,Thalassia,10,90,Blackfly,,1,,Lillian,,,
MBSTest2024,6/25/2024,00:38:15:00,00:38:26:00,Video_Lassing_001,Syringodium,50,50,Blackfly,,1,,Lillian,,,
MBSTest2024,6/25/2024,00:38:26:00,00:38:38:00,Video_Lassing_001,Syringodium,70,70,Blackfly,,1,,Lillian,bright light encompasses screen towards end of time stamp,,
MBSTest2024,6/25/2024,00:38:38:00,00:39:00:00,Video_Lassing_001,Syringodium,10,10,Blackfly,,1,,Lillian,Bright light difficult to estimate species and percent cover,,
MBSTest2024,6/25/2024,00:39:00:00,00:39:19:00,Video_Lassing_001,Syringodium,30,30,Blackfly,,1,,Lillian,Bright light difficult to estimate species and percent cover,,
MBSTest2024,6/25/2024,00:39:19:00,00:39:53:00,Video_Lassing_001,N/A,0,0,Blackfly,,0,,Lillian,,,
MBSTest2024,6/25/2024,00:39:53:00,00:40:03:00,Video_Lassing_001,Thalassia,90,90,Blackfly,,1,,Lillian,Blurry difficult to see if S present,,
MBSTest2024,6/25/2024,00:40:03:00,00:40:09:00,Video_Lassing_001,Thalassia,20,20,Blackfly,,1,,Lillian,Blurry difficult to see if S present,,
MBSTest2024,6/25/2024,00:40:09:00,00:40:13:00,Video_Lassing_001,Thalassia,90,90,Blackfly,,1,,Lillian,,,
MBSTest2024,6/25/2024,00:40:13:00,00:40:20:00,Video_Lassing_001,Syringodium,50,50,Blackfly,,1,,Lillian,,,
MBSTest2024,6/25/2024,00:40:20:00,00:40:23:00,Video_Lassing_001,Thalassia,90,90,Blackfly,,1,,Lillian,,,
MBSTest2024,6/25/2024,00:40:23:00,00:40:29:00,Video_Lassing_001,N/A,0,0,Blackfly,,0,,Lillian,,,
MBSTest2024,6/25/2024,00:40:29:00,00:40:33:00,Video_Lassing_001,Thalassia,60,60,Blackfly,,1,,Lillian,,,
MBSTest2024,6/25/2024,00:40:33:00,00:40:36:00,Video_Lassing_001,Syringodium,80,80,Blackfly,,1,,Lillian,,,
MBSTest2024,6/25/2024,00:40:36:00,00:40:52:00,Video_Lassing_001,N/A,0,0,Blackfly,,0,,Lillian,,,
MBSTest2024,6/25/2024,00:40:52:00,00:40:56:00,Video_Lassing_001,Syringodium,80,80,Blackfly,,1,,Lillian,,,
MBSTest2024,6/25/2024,00:40:56:00,00:41:00:00,Video_Lassing_001,Syringodium,50,50,Blackfly,,1,,Lillian,,,
MBSTest2024,6/25/2024,00:41:00:00,00:41:06:00,Video_Lassing_001,N/A,0,0,Blackfly,,0,,Lillian,,,
MBSTest2024,6/25/2024,00:41:06:00,00:57:16:00,Video_Lassing_001,Syringodium,50,50,Blackfly,,1,,Lillian,Blurry difficult to ID,,
MBSTest2024,6/25/2024,00:57:16:00,00:58:28:00,Video_Lassing_001,Syringodium,80,80,Blackfly,,1,,Lillian,Blurry difficult to ID,,
MBSTest2024,6/25/2024,00:58:28:00,01:00:25:00,Video_Lassing_001,Thalassia,50,50,Blackfly,,1,,Lillian,,,
MBSTest2024,6/25/2024,01:00:25:00,01:00:59:00,Video_Lassing_001,Thalassia,10,10,Blackfly,,1,,Lillian,"White glare on left side, difficult to estimate percent cover",,
MBSTest2024,6/25/2024,01:00:59:00,01:01:13:00,Video_Lassing_001,Syringodium,50,50,Blackfly,,1,,Lillian,"White glare on left side, difficult to estimate percent cover",,
MBSTest2024,6/25/2024,01:01:13:00,01:03:59:00,Video_Lassing_001,Syringodium,90,90,Blackfly,,1,,Lillian,,,
